{
    "lexicographic_order": [
        0
    ],
    "weights": [
        0.333,
        0.333,
        0.334
    ],
    "profiles": [
        [
            0.4655552816803913,
            0.9232167169489515,
            0.2227131871664881
        ]
    ],
    "__class": "SRMPModel"
}
